{
  "project_info": {
    "project_number": "284159409923",
    "project_id": "hyrule-app",
    "storage_bucket": "hyrule-app.appspot.com"
  },
  "client": [
    {
      "client_info": {
        "mobilesdk_app_id": "1:284159409923:android:ae0147cd3de70b5687b336",
        "android_client_info": {
          "package_name": "com.example.hyrule"
        }
      },
      "oauth_client": [],
      "api_key": [
        {
          "current_key": "AIzaSyB4O6ESe-IT28Qi1qWwkhgogS9d1QswgKE"
        }
      ],
      "services": {
        "appinvite_service": {
          "other_platform_oauth_client": []
        }
      }
    }
  ],
  "configuration_version": "1"
}